Speed(RPM),Calculated Frequency (Hz),Measured Frequency (Hz)
100,11.67,11.9797692546988
200,23.33,22.7802256100584
300,35,33.9630015529142
400,46.67,44.5562962253156
